RMS,Mean,MA1,MA2,MA3,F1,F2,F3,FailureID
41.567830961373645,291.4745541666667,61851671.0,5529425.906231768,4856669.0503099365,0.0,100.0,100.4,1.0
41.6803039016432,287.6956416666667,61660804.0,5406919.768850396,4812604.845618846,0.0,100.0,20.0,1.0
42.95907121901031,266.00310833333333,61332714.0,6162904.985641603,4553868.493866069,0.0,100.0,100.4,1.0
42.1189871574171,267.1972375,61195623.0,5372226.1294017015,4980170.917384916,0.0,100.0,100.4,1.0
42.50387462730114,338.88164166666667,61239148.0,5437400.459222919,5074772.1466495255,0.0,929.6,100.4,1.0
40.24794264928333,281.13452083333334,62180715.0,6985775.535906175,4628121.587391071,0.0,100.0,27.6,1.0
43.77094570031586,286.6107625,60658733.0,5282905.819708242,4259001.798554486,0.0,100.0,100.4,1.0
40.818384083237135,272.98800416666666,62372645.0,7793998.783441336,4335596.66727383,0.0,100.0,317.20000000000005,1.0
39.857422823944184,270.7945875,62489829.0,6517441.179395877,4268649.08554282,0.0,100.0,30.0,1.0
41.646554829501405,276.7107125,61698131.0,6666708.341829118,4603318.765350584,0.0,100.0,20.8,1.0
41.0018842554827,296.3730125,61622187.0,7319712.71646362,6000314.9719881965,0.0,20.400000000000002,100.4,1.0
42.060986921770315,272.0822875,61969001.0,6083595.309207256,3592599.7710472005,0.0,100.4,300.8,1.0
40.098568137362044,268.6331,62021824.0,6148471.9763556225,4484770.588192224,0.0,100.4,100.0,1.0
40.19198583051104,269.58133333333336,62245414.0,6012852.030474555,4072909.113842443,0.0,100.0,317.6,1.0
43.2039696285731,273.52268333333336,61935364.0,7567654.3112617945,4294521.754691613,0.0,100.0,20.0,1.0
40.65133500267857,273.9315041666667,61882029.0,6602753.712885291,5150945.142398138,0.0,100.0,100.4,1.0
41.05019681235808,276.8611333333333,62099664.0,7312217.697405551,3370028.2485993523,0.0,100.0,20.400000000000002,1.0
41.40245740492546,309.48260416666665,61854039.0,7296700.727889111,6723114.00176145,0.0,29.6,34.800000000000004,1.0
41.78218345379603,272.77897083333335,61807231.0,6335535.815271681,4555163.3260275535,0.0,100.0,20.400000000000002,1.0
41.30007062140855,263.17539166666666,61355978.0,5324433.872094155,4693496.339038188,0.0,100.4,100.0,1.0
41.32604147709609,276.51744583333334,61954657.0,6016519.120433735,5408314.362289186,0.0,100.0,67.60000000000001,1.0
40.73444401445374,275.3638625,61718119.0,5852091.031297047,5559032.552603493,0.0,100.0,20.400000000000002,1.0
41.89438566204307,270.821825,61627378.0,7257019.1342198,3384206.447522228,0.0,100.0,20.400000000000002,1.0
42.55148293538076,268.83478333333335,61515668.0,5637096.092869133,4573370.789568767,0.0,100.0,100.4,1.0
42.932153160539244,281.427975,61385872.0,5729798.485709231,5284920.745525926,0.0,100.4,29.200000000000003,1.0
42.471820559833155,294.065225,61924962.0,7602272.759027622,4484792.865173124,0.0,100.4,26.0,1.0
40.22304102335708,304.73344583333335,60992329.0,6595144.475467716,4274401.240625502,0.0,100.4,421.20000000000005,1.0
43.15645220203657,298.3734083333333,61575966.0,5933125.123713669,4440572.059904144,0.0,100.4,39.6,1.0
41.811985422842575,275.347775,61619694.0,6137333.163870855,5051224.446835867,0.0,100.4,34.0,1.0
41.055147109304905,271.4688541666667,61788265.0,5515939.114641911,4349975.351904657,0.0,100.4,100.0,1.0
41.012529843532775,265.9356125,61145519.0,5981377.179451814,5058070.929953663,0.0,100.4,100.0,1.0
41.24332395471215,270.5159291666667,61210685.0,5204374.785856589,4793383.196655056,0.0,100.0,100.4,1.0
42.28356502038745,275.9296125,61316651.0,5643157.303399557,4665331.016196063,0.0,100.0,100.4,1.0
40.8348321493632,274.5710583333333,62191798.0,5243047.554047669,4343249.7945145415,0.0,100.4,100.0,1.0
40.31045713170054,273.8263625,62415633.0,5755078.630876257,5473176.68583442,0.0,100.0,20.400000000000002,1.0
41.08336362405915,267.0688,61937886.0,7743632.620233882,3774744.722878224,0.0,100.4,317.6,1.0
41.11955100678995,280.80446666666666,61855434.0,6576664.548007045,4507185.60501197,0.0,100.4,16.8,1.0
40.42323712915629,266.01100833333334,61752468.0,6138820.419092538,4279811.0490657445,0.0,100.4,100.0,1.0
41.744478377385434,264.3324083333333,61322546.0,6107479.13720186,4207548.737216293,0.0,100.0,100.4,1.0
41.99989940464143,287.6733,61962786.0,5661808.25231189,5449670.0253494335,0.0,100.0,100.4,1.0
38.28975363375081,271.6331666666667,62748390.0,6036283.464209032,4525389.567065068,0.0,100.0,100.4,1.0
29.195286577345552,249.27324166666668,59700250.0,5858103.193949194,3814850.647140188,0.0,100.0,100.4,1.0
19.345468892396138,265.1331166666667,63580012.0,6314943.627558774,4192977.162788424,0.0,100.0,100.4,1.0
3.656175141683815,265.41943333333336,63697968.0,6038769.620987019,4834280.454383515,0.0,100.0,100.4,1.0
14.852920588221025,257.32778333333334,61751428.0,6808671.794829496,3507236.277180999,0.0,100.0,317.20000000000005,1.0
8.098304606521046,259.7378875,62333417.0,7366353.356254467,3052337.049721141,0.0,100.0,300.40000000000003,1.0
16.79889827736728,264.827375,61847388.0,7184593.969817546,3489957.502351092,0.0,100.0,300.40000000000003,1.0
17.458597810248108,250.86592916666666,60194139.0,6358707.219034375,4158674.4841571236,0.0,100.0,317.6,1.0
9.36362732420864,250.81046666666666,60193388.0,6314680.437533999,3849143.1114999102,0.0,100.0,317.20000000000005,1.0
6.857879895905634,256.85420833333336,61643824.0,5071862.402381323,5052765.654058236,0.0,100.0,100.4,1.0
7.836987091138192,259.28203333333335,62227360.0,5234391.352741784,5025269.6340358555,0.0,100.0,100.4,1.0
17.06424087578075,256.51321666666666,61563096.0,6682933.273121189,3405589.8732451987,0.0,100.4,300.8,1.0
20.326701958261697,258.7245625,62006915.0,6679614.6839257255,3658047.6907625585,0.0,100.4,317.6,1.0
10.429202989682386,256.52091666666666,61560612.0,7759938.957176125,2637737.0999696716,0.0,100.4,318.40000000000003,1.0
18.74613904692555,259.66960416666666,62217353.0,8044386.49774895,3345084.9565755716,0.0,100.4,317.6,1.0
10.47042163270738,257.1479375,61674481.0,7595292.291288827,4368804.2550850455,0.0,100.4,317.6,1.0
16.29874956860188,267.52179583333333,64204571.0,6377030.772332104,3425858.6166759096,0.0,100.4,100.0,1.0
12.290452934425701,261.5033666666667,62758186.0,7303780.992417141,3635721.7378060278,0.0,100.4,317.6,1.0
17.12039135066719,256.6601,61254906.0,7740879.854025455,3278911.7348922985,0.0,100.4,317.6,1.0
14.994547342284129,262.79479166666664,63030286.0,7216963.4857430775,3151457.205552167,0.0,100.4,300.8,1.0
1.626403240282065,252.51832916666666,60598865.0,7380510.808950213,4014927.3971122205,0.0,100.4,317.6,1.0
13.385756266768544,259.0967375,62182905.0,7035100.599072989,3948730.168501494,0.0,100.4,317.6,1.0
21.07967939351387,248.49769166666667,59615240.0,7058928.940243108,4004379.278498204,0.0,100.4,318.0,1.0
12.886996029589932,254.62745,61083710.0,6734530.964181363,3783280.3235809007,0.0,100.4,318.0,1.0
11.298101057257366,258.9645958333333,62135249.0,5472717.917330213,4743586.98084337,0.0,100.4,100.0,1.0
18.152041437076253,264.27936666666665,63423618.0,6154648.370690728,4175989.247479864,0.0,100.4,20.8,1.0
12.182677763940077,256.90917916666666,61637517.0,5602993.612915309,4633232.814703828,0.0,100.0,100.4,1.0
25.924422365792456,252.7368,60603938.0,5375314.292522432,5028981.150379098,0.0,100.4,100.0,1.0
27.44269916571619,260.16142083333335,62343969.0,6652266.05464789,3666113.156737562,0.0,100.0,300.40000000000003,1.0
19.650314352871476,261.57382083333334,62688355.0,5254166.664281109,5236856.445394944,0.0,100.0,100.4,1.0
17.087295353566052,248.7680375,59701681.0,6392038.472445872,3705348.4867716315,0.0,100.0,318.0,1.0
9.615181572215196,257.4839083333333,61794222.0,5606271.63732061,4728201.701541801,0.0,100.0,100.4,1.0
5.9160325951322035,265.83785,63797392.0,6657006.808006773,3575709.763421672,0.0,100.0,100.4,1.0
8.940552975068153,257.0520875,61672329.0,5701371.867677312,4747380.3815165665,0.0,100.4,100.0,1.0
11.620161717176458,261.943175,62853484.0,5510344.30036152,4708605.399081689,0.0,100.4,100.0,1.0
14.423446479026202,263.8713666666667,63320638.0,6331837.654962463,4213734.765485338,0.0,100.4,100.0,1.0
28.33825329832451,294.24853333333334,61437142.0,6253413.755150357,3935557.6209729575,0.0,100.4,100.0,1.0
30.291269162912272,276.6060541666667,61081933.0,5834858.865387636,4259982.431560376,0.0,100.4,100.0,1.0
10.808949609775533,252.4275,60580644.0,6695123.803625516,3224365.655777118,0.0,100.4,100.0,1.0
14.966731161702166,258.5066166666667,62039626.0,5424932.7194211325,5003212.741517253,0.0,100.0,100.4,1.0
8.824071244801535,256.676425,61595648.0,5365476.885623103,5068319.510167053,0.0,100.0,100.4,1.0
13.47597723729155,268.8837375,64531731.0,5860583.80981662,4202260.543748346,0.0,100.0,100.4,1.0
8.955925412820275,261.1596833333333,62677416.0,6910798.0468007475,3270633.4192252546,0.0,100.4,300.8,1.0
12.871978448034579,270.6971375,64966809.0,7179020.076360358,3777783.498382627,0.0,100.4,318.40000000000003,1.0
12.91651800989725,265.5208125,63676527.0,7348075.902743841,2972193.076093264,0.0,100.4,300.8,1.0
39.775639110725386,267.52165833333333,61095838.0,5689506.294239505,4533425.364422246,0.0,100.4,100.0,1.0
17.898584208441367,249.51924166666666,59884002.0,6187217.824853233,4012810.492522625,0.0,100.4,100.0,1.0
12.23373324732343,298.84074583333336,62554103.0,4997218.554078138,4922533.593341836,0.0,50.400000000000006,50.0,1.0
24.774804237369867,285.8324,64337694.0,7278708.859225976,6156965.198933308,0.0,100.4,100.0,1.0
11.61139544441867,275.34495416666664,66064673.0,6407202.727330084,3920914.957430176,0.0,100.4,100.0,1.0
8.305968235752731,277.4266583333333,66582376.0,6022879.839393182,4395941.176373217,0.0,100.0,100.4,1.0
12.398912754753942,273.62407083333335,65669777.0,5439894.094873784,4591994.113542136,0.0,100.0,100.4,1.0
16.521186902479695,272.0986,65303664.0,7344015.689655424,2862661.740145186,0.0,100.0,300.40000000000003,1.0
19.093174391214607,271.4188833333333,65140504.0,7091299.677192847,3383415.8718153434,0.0,100.0,300.40000000000003,1.0
19.170334504123815,274.40255,65856440.0,7769148.045655946,2405143.455082879,0.0,100.0,300.0,1.0
5.009997504989399,266.516875,63963938.0,6021195.502299939,4267481.243883061,0.0,100.0,100.4,1.0
8.454088754364166,263.551475,63252342.0,5537007.107140978,4617065.549077379,0.0,100.4,100.0,1.0
6.1573827638047645,268.90967083333334,64538313.0,7562784.796639273,4105992.8787206984,0.0,100.4,20.8,1.0
13.493464621808588,270.50570416666665,64921345.0,7173308.25377422,3234335.5256438274,0.0,100.4,300.8,1.0
14.067235276817309,264.5943,63502632.0,6933995.533580162,3396701.6414493206,0.0,100.4,300.8,1.0
2.911721999092633,5233.570016666667,86399740.37503704,77099662.62177071,61423834.0,4646.8,4654.8,0.0,2.0
6.679445772916592,5238.328554166666,84861413.81208214,69230426.96990924,61278635.0,4654.400000000001,4654.8,0.0,2.0
5.461746134097898,5211.9511041666665,87996585.57423455,80067097.40525883,66172856.63831533,4652.0,4651.6,4650.0,2.0
5.77613841593153,5189.941208333334,123642593.55963941,61529819.73469035,61335506.0,4652.0,4652.8,0.0,2.0
3.7299994414655524,5234.4848875,68411140.46933112,61442293.0,60843236.76299666,4649.2,0.0,4653.2,2.0
1.9327883570979347,5208.3751625,63378167.372613974,61373633.0,59768050.628889866,4651.6,0.0,4649.6,2.0
5.6961097835862216,5204.946016666667,92181195.89402078,75542367.1446168,61375750.0,4651.6,4651.2,0.0,2.0
1.3534108146949815,5203.1274791666665,63969460.30103755,61236765.0,58779821.79185764,4649.6,0.0,4651.6,2.0
10.442823093716884,5207.072670833333,61411643.0,57118072.61365597,54769453.49412621,0.0,4651.2,4650.8,2.0
6.998941586649608,5214.915675,61248880.0,44461434.55498674,43480260.09502794,0.0,4652.400000000001,4668.400000000001,2.0
4.2075512474597385,5184.7121375,61442769.0,47909528.63714512,47851304.220089175,0.0,4641.2,4657.6,2.0
4.697050492951224,5170.991525,61341186.0,52030680.493835874,46887768.55627158,0.0,4654.8,4652.8,2.0
9.043030926262132,5199.029758333333,83326034.35743871,63594558.516512,61318544.0,4652.8,4652.0,0.0,2.0
3.539955861306748,5136.8469625,65048007.22315729,61298605.0,55121932.39931999,4652.0,0.0,4650.8,2.0
4.842254554096332,5175.1382791666665,77088364.65396446,67470390.17595746,66743434.688954465,4651.2,4652.0,4652.400000000001,2.0
6.075188268687646,5154.497295833334,80250291.62132038,68111233.19268477,65101969.91159907,4652.0,4650.400000000001,4650.0,2.0
3.7490515467248513,5089.108420833333,73595630.01618041,61360763.0,52466084.98570285,4651.6,0.0,4653.6,2.0
11.309489009971523,273.727025,63188694.0,5019337.750169408,3823875.8058875646,0.0,100.0,100.4,2.0
8.60042513484072,2898.8021541666667,62774215.0,57082205.63315692,42702181.30251069,0.0,4653.6,4654.0,2.0
0.04368447474027052,4969.780308333334,68944925.22381665,63321970.16977256,61266894.0,4651.2,4650.8,0.0,2.0
9.186022670339977,4940.2873375,61213757.0,54722909.65172891,53510155.80777848,0.0,4647.6,4652.8,2.0
3.4337352111075776,4946.766720833333,63616814.95559406,61355729.0,60097291.30010926,4654.0,0.0,4653.6,2.0
2.6395525188940643,5228.5536625,77237239.77562776,64448018.29755925,61266055.0,4652.400000000001,4652.8,0.0,2.0
4.302158373034013,5532.598625,96493010.39696442,86803342.06002481,61416044.0,4651.2,4651.6,0.0,2.0
6.187944933497712,5541.053579166667,61803478.72183568,61415407.0,55002804.880680405,4645.6,0.0,4648.400000000001,2.0
1.3286961027011908,5540.905308333334,63787932.59511541,61386064.0,58680717.53332139,4650.8,0.0,4649.2,2.0
11.942294586887396,2657.7709083333334,61262546.0,51461569.305136815,50672348.05152096,0.0,4652.0,4651.6,2.0
8.10942764112651,4399.0965,122105669.85286905,83339923.10275815,71194709.4402605,4654.400000000001,4652.8,4652.400000000001,2.0
8.757860279010318,5525.9910666666665,107373901.35068126,88403026.99486807,84216512.40009417,4652.0,4650.0,4651.6,2.0
4.950099325602804,5539.666925,102201487.40964206,95943433.3611994,77358602.9241942,4652.0,4652.400000000001,4650.0,2.0
7.04174102524842,5491.05805,90446700.06936106,78988516.2553567,74710953.1801938,4654.400000000001,4654.0,4652.400000000001,2.0
8.373415770560223,5518.045825,86371870.79585779,76849743.66955274,66222830.685652405,4651.6,4651.2,4649.2,2.0
7.959803180146269,5522.327825,88305549.32046174,82354695.51721355,61195708.0,4652.400000000001,4654.400000000001,0.0,2.0
8.806735112022691,5528.33815,94105076.9912908,90847887.05136774,62853837.44354011,4652.0,4651.6,4648.8,2.0
4.792465875378422,5497.914479166667,133235518.79351453,113267819.7864492,74833678.79422612,4652.0,4651.6,5427.200000000001,2.0
9.117654577795761,5521.475716666667,78094306.46668586,72942547.98253496,67419777.78063415,4651.6,4650.0,4649.6,2.0
1.5104041953508118,5494.5195375,92407026.1201821,82001652.17202488,70640397.7633204,4651.6,4651.2,4649.6,2.0
7.489440900360988,5515.238525,83145166.5252954,66770748.882236674,65661346.529055476,4654.8,4654.400000000001,4648.400000000001,2.0
5.556096876405234,5539.4814625,77187427.41578203,72070002.51488273,70219829.44016314,4648.8,4652.0,4651.6,2.0
4.815385498586795,5527.7160625,81479560.60098322,68404857.61445647,66599601.59600938,4653.6,4654.0,4650.8,2.0
1.831954784740424,5514.080191666667,81118925.29906085,66180798.10756047,61433156.0,4652.0,4649.2,0.0,2.0
6.531608403244436,5534.712875,106530330.1006476,94660283.00634944,64756982.338787146,4652.0,4651.6,5427.200000000001,2.0
3.9860679246595887,5511.1313875,77015988.67735939,63203135.8847033,61434203.0,4654.0,4647.6,0.0,2.0
4.748109711594008,5523.372004166667,91953985.3744265,83516870.06354292,66033758.60103864,4652.0,4651.2,4655.2,2.0
1.4856872708166637,5502.717741666666,100087508.419873,93061936.62197766,72789819.53532045,4652.0,4651.6,4649.6,2.0
3.424567490939549,5488.423245833334,112157582.08265656,79225273.5453248,66359846.62370242,4651.6,4650.8,4654.0,2.0
10.276761608924607,5502.533179166667,102417147.85471058,79346608.7102946,69542613.98114367,4651.2,4649.2,4651.6,2.0
2.824217443233907,5448.3899875,81004003.76194984,63049467.276184015,61301804.49523616,4651.2,4653.6,4652.0,2.0
1.197499130131904,5503.7779125,77901695.0161046,72833050.76764749,72698446.41931602,4651.2,4649.2,4651.6,2.0
1.891087650004621,5455.0882375,75490120.75529611,72255304.8556069,61464320.023796126,4652.0,4652.400000000001,4654.0,2.0
8.416180348986508,5472.234016666666,85321998.31484315,78675108.47338805,64412236.329377785,4652.0,4651.6,4649.6,2.0
0.6946491920386866,5451.707470833333,69072143.9871972,61310677.0,59488380.530898206,4652.8,0.0,4655.2,2.0
5.76856567961222,5461.263358333334,118197355.41556159,92495272.18119769,63641604.900018685,4651.6,4652.400000000001,4652.0,2.0
5.474474860660153,5475.845241666667,82225625.78528303,65834104.30105192,61378244.0,4652.8,4654.0,0.0,2.0
2.351878681678401,5450.30725,100482435.71965617,80038274.32189526,76492490.75261202,4651.6,4650.8,4652.400000000001,2.0
3.154972926455418,5481.790329166667,78915086.37472919,62522059.7614284,61705290.81974316,4652.400000000001,4653.6,4651.6,2.0
2.129588183976736,5461.3551375,90795472.34380971,79138615.89306544,70236290.62693793,4651.6,4652.0,4650.0,2.0
4.820862647562848,5467.993691666667,103716548.5582395,76947510.574369,63466067.463557966,4651.6,4651.2,4649.6,2.0
4.293122406826994,5453.64295,64515496.39247389,61432458.0,56526165.61924375,4646.400000000001,0.0,4648.0,2.0
4.748820467582801,5517.2102958333335,69587756.506333,66118498.678171344,65873313.742633656,4648.400000000001,4646.400000000001,4648.8,2.0
9.032204419003516,5422.409066666667,85838027.95444754,65014524.98167401,63698375.83165673,4652.0,4650.0,4648.8,2.0
8.262444654378427,5273.5357,91340130.45899656,67190592.72237149,61420320.0,4651.6,4652.400000000001,0.0,2.0
6.726966565002882,5432.6089125,61649448.68963523,61327423.0,57280317.15863058,4652.8,0.0,4651.2,2.0
0.07884584115009914,5462.48635,90754798.20403482,66008130.96462891,61337254.0,4651.6,4652.0,0.0,2.0
7.635769716712695,5485.0335875,84859868.7628792,61352959.0,60498172.609035864,4654.8,0.0,4654.400000000001,2.0
5.5196286106947445,5446.6087,70869010.84863178,65243779.59407168,62774314.352326594,4646.8,4654.8,4655.2,2.0
9.32451361555479,5480.538620833333,77017367.26132782,71744347.99152859,61308773.0,4651.6,4651.2,0.0,2.0
3.2768340920264283,5443.3754,130256882.83134995,61125696.0,50077367.061209336,4648.8,0.0,4648.0,2.0
8.49862856583343,5454.083754166667,95593175.34314717,88286625.45259811,69397642.11471395,4649.2,4648.8,4651.2,2.0
4.469793526178437,5468.3222625,83899296.88478775,73550714.30992088,62127690.99294315,4649.2,4651.6,4648.8,2.0
6.3218823014457755,5470.947479166667,79534905.86026782,68641486.16166654,61226379.0,4651.6,4651.2,0.0,2.0
4.07293864017943,5432.060304166666,85882993.89487208,85706271.41148375,61302171.0,4651.6,4652.0,0.0,2.0
4.77312615937745,5424.163858333333,70456440.02804264,64534848.498814486,61264268.0,4649.6,4655.2,0.0,2.0
5.731911039667893,5436.853270833333,112707343.08338967,68489706.16035242,61354789.0,4652.0,4653.2,0.0,2.0
7.090554750276361,5480.780358333333,70371955.29280291,69298533.84355976,66550575.97230675,4651.2,4649.2,4649.6,2.0
8.751534627328702,5463.6799083333335,93159004.96393198,78630527.50111663,72314541.02281973,4652.0,4651.2,4651.6,2.0
0.9269034469673743,5489.925808333333,72289750.00195065,67913998.49284634,61206470.0,4648.8,4654.400000000001,0.0,2.0
5.155115986409358,5462.551254166667,93040078.09957172,87046110.43805169,72219665.17176495,4651.6,4652.0,4649.6,2.0
1.5248087311747223,5475.121558333333,109262400.67835572,75399063.81963448,74262460.3366304,4654.400000000001,4654.8,4652.0,2.0
3.811252528150468,5458.4030125,100851940.27554023,95086577.41388097,72828014.71157196,4651.2,4651.6,4649.2,2.0
9.077593981887492,5459.956204166667,125693887.9382103,89303859.88614134,67484692.5494438,4652.8,4654.8,4652.0,2.0
2.917604611092234,5472.245333333333,89698673.88389036,76938604.15856235,66282195.852357484,4652.0,4652.8,4654.400000000001,2.0
8.5342523105425,5460.176670833333,81768457.8756023,77007440.62248345,67384439.0934488,4652.8,4653.2,4652.0,2.0
8.33387264921497,5448.066283333334,106745064.26802643,78390094.31795289,69017325.99945812,4652.400000000001,4652.8,4650.400000000001,2.0
3.702721971739169,5435.1295,87513581.34438175,79085124.5391412,68519134.62127975,4652.0,4652.400000000001,4650.400000000001,2.0
2.634584091148607,5456.825158333333,84306862.25913294,61232436.0,57089531.798883654,4652.8,0.0,4653.2,2.0
5.912719692888093,5462.2199125,80456481.52910051,64923274.10135617,61461759.0,4652.8,4655.2,0.0,2.0
7.783890683113855,5443.193370833334,84995009.2809911,72361174.6328625,61329277.0,4650.400000000001,4652.8,0.0,2.0
3.6091942775823713,5451.9852,87990087.40825197,84002594.59213154,61326332.0,4652.0,4652.400000000001,0.0,2.0
7.917915340121624,5490.171958333333,77498896.8033625,75883315.89683473,75801448.47109473,4649.6,4653.2,4652.0,2.0
4.535067070433836,5424.906383333333,88185551.20787024,67323691.00821777,66697899.4124994,4653.6,4653.2,4651.6,2.0
5.110417057344733,5456.754645833334,67221870.23173243,65854618.91614679,63335155.55650743,4646.8,4647.6,4647.2,2.0
7.275062714506316,5441.659320833333,83804440.84398186,68138787.0378346,67166278.88624837,4647.2,4648.0,4647.6,2.0
4.209930225074995,5463.641329166667,78640608.54650472,72244331.50903209,61433555.0,4655.6,4655.2,0.0,2.0
4.3387109260700925,5447.6526125,97119893.65179273,85966713.1549536,61295371.0,4652.400000000001,4652.8,0.0,2.0
4.81090514698984,2665.795925,60819724.0,60550969.40416971,49537115.32086808,0.0,4649.6,4650.400000000001,2.0
7.126673195350923,5432.0713625,84343774.40063985,75806625.73948017,62716084.43577968,4652.8,4652.400000000001,4650.0,2.0
6.420319631191789,5450.9004375,81852200.04285614,79381476.2983791,74431557.98490511,4652.400000000001,4652.8,4649.2,2.0
3.3894327204809165,5446.6221375,81441440.29753768,78785805.41328442,62600076.40786549,4652.8,4652.400000000001,4650.0,2.0
3.531195501054376,5433.006483333334,86022169.02354722,61333954.0,58611245.859017886,4654.8,0.0,4653.6,2.0
8.685860876543366,4479.3891375,171828490.81909868,125368278.83582705,114547506.33739828,2908.8,2908.4,2909.6000000000004,3.0
5.522381355297127,4474.811754166667,159316405.24808395,122123707.70042428,112931331.3774022,2906.8,2906.4,2905.2000000000003,3.0
11.268561354494192,4489.885133333333,191050792.07480216,131410966.56248981,107870516.51723473,2908.4,2908.0,5816.400000000001,3.0
4.063748269762781,4448.739425,114185747.18941519,113324321.29771905,100501973.86391199,2908.8,2914.4,2910.0,3.0
7.49230438516749,4501.248416666666,144229502.87220362,141193605.0348501,128052783.00580128,2909.6000000000004,2910.8,2915.6000000000004,3.0
8.922763024982789,4533.9124,147739074.06401503,123599332.72294885,118567773.02867442,2915.6000000000004,2916.0,2917.2000000000003,3.0
1.5185711485911135,4512.798916666667,164940229.83388638,137909560.12556565,122253802.38652338,2914.4,2914.0,2906.8,3.0
8.515248087988981,4483.234108333333,146907520.33761635,123552545.98913659,113262330.86590408,2907.2000000000003,2906.8,2905.6000000000004,3.0
6.966235831973152,4498.901525,163544443.34346646,138885324.4214102,108362476.03656152,2911.2000000000003,2910.4,2912.0,3.0
6.847848506404524,4502.038820833333,125671125.77061374,123818479.1733946,112232109.10800914,2916.0,2905.6000000000004,2905.2000000000003,3.0
5.9336803503390705,4433.578329166667,147376580.89679265,137706773.90495223,135160337.60982415,2916.0,2916.4,2917.6000000000004,3.0
8.604555237392187,4481.8387625,204879547.44154844,177157474.845698,115759089.31849751,2914.8,2915.6000000000004,5830.400000000001,3.0
3.699809116697779,4461.917320833333,142593041.63808376,141957478.99859875,103225808.01985067,2914.4,2913.6000000000004,2915.2000000000003,3.0
10.219567831697516,4487.7789416666665,158771222.07768118,147835698.0465459,138968717.20456058,2908.8,2912.8,2909.2000000000003,3.0
8.18810773825878,4475.527025,165720241.52531064,121367682.99383411,120232320.9410955,2907.2000000000003,2905.6000000000004,2906.8,3.0
7.163169689460107,4498.116491666667,154540856.0215491,129432636.88139051,122724504.37826471,2907.2000000000003,2906.8,2908.0,3.0
7.750312628103033,4466.787204166667,142553632.30498496,119427056.45948309,115857847.21881677,2915.6000000000004,2904.8,2916.0,3.0
2.7299175811734684,4475.431616666667,127553191.53363788,116806954.68747526,108005331.86119002,2916.4,2911.2000000000003,2916.0,3.0
6.426952362252786,4501.93685,193934828.93170178,146285359.02523363,131489140.98283282,2916.0,2916.4,2914.4,3.0
8.237486216478098,4524.193604166667,153230043.0735504,141755216.3111143,132223009.24231946,2915.2000000000003,2914.0,2916.4,3.0
4.139746872293844,4503.603929166667,176599775.55171624,114105750.55431984,112218476.57444862,2907.2000000000003,2914.8,2908.0,3.0
9.999142046529126,4494.680083333334,153389144.12596363,122636413.99760117,109949240.00907072,2907.2000000000003,2906.8,2906.0,3.0
8.258024884922545,4498.912675,150135967.5042433,117292339.21971633,114065155.07437752,2907.2000000000003,2914.8,2908.0,3.0
9.781708056367252,4461.3609625,168847335.31136563,161843722.62083787,104427626.50528122,2914.4,2914.0,5828.400000000001,3.0
6.225870421073667,4517.228145833334,143196932.77392644,128227420.55063207,123996279.55414952,2914.4,2914.0,2914.8,3.0
10.186791693168168,4522.769125,175446145.07757798,148055570.11290014,125019384.4430884,2914.0,2912.8,2913.6000000000004,3.0
8.940317388102057,4491.147116666667,141564912.04174677,137662484.52917162,115010705.76352261,2906.8,2914.0,2906.4,3.0
5.908847885445464,4534.3663166666665,157169257.22671044,138769407.22073182,133521398.6066754,2908.0,2907.6000000000004,2908.8,3.0
7.386313074419018,4494.834154166667,189313822.10258162,127571106.44691151,125871024.87278028,2908.8,2909.6000000000004,2913.6000000000004,3.0
9.930139727113612,4526.722166666666,130343025.23556548,128846437.06781174,126745573.98819004,2907.2000000000003,2906.8,2908.4,3.0
8.912639199473968,4512.4144375,162952859.38613516,156074581.32989216,135643421.7978895,2914.0,2913.6000000000004,2915.6000000000004,3.0
3.1779159837856,4562.0866166666665,143484769.11461383,143124429.0133741,122781151.54077354,2916.8,2915.2000000000003,2915.6000000000004,3.0
9.289315547085982,4602.7833,113682397.24098703,112384338.05915807,109916250.3379015,2907.6000000000004,2910.0,2908.0,3.0
8.368296073076445,4591.8829125,179950480.92062628,155840965.84573412,146323910.47269872,2908.0,2908.4,2912.0,3.0
8.354160141310835,4580.259941666666,161153311.37599307,159648314.44747186,138485124.71565917,2909.6000000000004,2907.6000000000004,2910.0,3.0
2.696867781952488,4598.9620125,218714216.4901059,124861420.92059207,119434397.98953247,2908.4,2914.4,2914.8,3.0
7.743578253408863,4533.1311375,173020142.6366165,158901778.94162706,129703329.09601924,2915.2000000000003,2914.8,2916.4,3.0
1.7240951733203902,4587.208070833333,177450419.6468416,160524142.48528618,129975894.86450616,2914.0,2914.4,2912.4,3.0
9.662640037795054,4393.597045833333,159581905.56229454,136702023.64839625,126837519.4674535,2906.4,2906.8,2908.8,3.0
10.082081671625822,4494.018329166666,155768696.05554512,142791480.07586282,131387110.75106853,2913.6000000000004,2914.0,2913.2000000000003,3.0
5.629218048124742,4519.137829166667,166277729.8216384,154472691.00095764,136051658.7019457,2913.2000000000003,2915.6000000000004,2914.4,3.0
3.073043415465088,4512.9116625,150116935.49548465,129700585.28036064,127926959.57097985,2915.6000000000004,2916.0,2915.2000000000003,3.0
6.644434074220818,4481.4930625,150839656.32139036,140438464.62393466,133771575.87531307,2908.0,2911.6000000000004,2912.8,3.0
8.82808326686301,4468.0149125,117528451.86994943,111311637.45787428,108136496.72076221,2909.2000000000003,2907.6000000000004,2910.0,3.0
7.020545444147009,4500.027983333333,144027444.06241283,96194559.69592175,93198447.3063115,2906.0,2907.2000000000003,2904.4,3.0
4.28457212955195,4459.318966666667,126669886.44240834,122423174.23849721,114240367.09266002,2914.8,2914.4,2906.0,3.0
6.089283961736935,4493.5059625,148178111.22056776,143528617.76443395,111536559.78645445,2915.2000000000003,2914.8,2913.2000000000003,3.0
5.480764849300993,4509.842833333333,151935119.6048004,120785971.55252543,114059248.34941718,2913.2000000000003,2911.2000000000003,2912.4,3.0
6.0731156199543355,4533.441666666667,130515279.85495815,127302318.95175217,107011525.41463435,2914.4,2914.0,2905.6000000000004,3.0
1.9706957316304987,4492.172783333333,157581441.28354597,128509093.89430885,112697520.89844973,2908.4,2908.0,2912.8,3.0
9.749633967488215,4492.589529166667,163454875.1924578,110969546.89977784,110819285.33785985,2906.8,2915.6000000000004,2907.6000000000004,3.0
11.501500989001393,4509.4314583333335,182786808.29209787,115189464.94076754,106004687.4081589,2908.4,2907.2000000000003,2914.8,3.0
5.926019954404474,4467.2029125,159631479.50859508,158428760.80273867,121114057.05913025,2914.0,2913.6000000000004,2915.6000000000004,3.0
2.1520194004701723,4501.808370833333,150147288.13068336,142239126.62199807,129775090.76404089,2915.2000000000003,2915.6000000000004,2913.6000000000004,3.0
1.7556242954193435,4523.531341666667,163675182.45169213,140483019.926749,122197697.19328421,2913.6000000000004,2914.0,2915.2000000000003,3.0
6.48522230407974,4505.076341666667,139442250.03522435,136784864.6408313,134987563.57747677,2907.6000000000004,2908.0,2915.6000000000004,3.0
3.0415792224873357,4474.249179166667,154445237.66113266,107025204.54842433,105542163.63360259,2906.4,2907.6000000000004,2904.8,3.0
6.3289253300488015,4482.047829166667,138259269.14886826,129671145.78889818,115327188.0806795,2908.0,2908.4,2909.2000000000003,3.0
5.905952858486653,4482.1437625,133375992.10333751,133179043.87016092,122066487.76957913,2914.0,2913.6000000000004,2915.6000000000004,3.0
6.114383315865414,4513.066266666667,157475785.5971782,146210537.22798046,139387882.71341062,2911.6000000000004,2910.8,2912.0,3.0
6.245425325788469,4524.213754166667,154632796.98376477,129527635.3823349,127480047.67047404,2913.6000000000004,2914.0,2910.4,3.0
5.377041472780362,4532.8413083333335,200598326.14097336,197736558.66884726,108115385.71020716,2914.0,2914.4,5828.400000000001,3.0
3.2928356574033066,4498.486266666667,144461607.30636105,117973477.5781628,114939056.11240777,2906.4,2907.6000000000004,2915.6000000000004,3.0
6.247732588707683,4484.5843125,136213488.67917508,131571899.49278352,114258351.8603814,2908.0,2913.6000000000004,2910.0,3.0
5.1619513429193296,4508.499941666667,153352521.3256621,130234610.56720401,115144662.820549,2906.8,2906.4,2907.6000000000004,3.0
7.733066446544131,4454.956775,120377279.80008382,114313881.97114249,92240800.64665848,2916.4,2916.8,2918.0,3.0
6.787532074816786,4539.640025,138288316.75057507,137859173.1267425,137734946.65127793,2912.4,2914.4,2908.0,3.0
7.542633271389155,4529.546025,160686995.1647568,141384618.36073172,110691668.69730581,2915.6000000000004,2916.0,2906.4,3.0
6.86902983203111,4489.0636875,141292257.2470662,136090779.2813026,135232751.74248093,2914.0,2906.0,2914.4,3.0
9.173432427395975,4477.7510041666665,132660632.44816454,132600930.6361882,105558480.08583128,2908.0,2906.8,2913.2000000000003,3.0
4.7550148965767365,4509.749966666666,146369348.78261176,116500441.44396144,110468829.6603649,2906.4,2910.8,2906.8,3.0
7.027287587208406,4474.5925125,136806056.10304484,130753987.49186061,125070510.94285478,2915.6000000000004,2914.4,2908.4,3.0
8.11108346646735,4487.429608333333,177633268.58099368,163266214.2120326,124910794.22280405,2913.6000000000004,2914.0,2915.2000000000003,3.0
4.572336656459146,4527.3150958333335,144959669.5503444,131404868.78404795,111239021.54192233,2915.6000000000004,2916.0,2912.4,3.0
5.8638170162446235,4500.351258333333,141341498.47121447,134873438.97744155,132810510.41841081,2914.0,2913.6000000000004,2905.6000000000004,3.0
5.799517939737176,4501.833416666666,174247603.16670343,150620344.5829526,148657173.24718973,2914.4,2908.4,2914.0,3.0
30.461154976461415,1035.3207541666666,76615918.91532835,75009879.05296907,70655667.06569988,2916.4,2916.0,2916.8,3.0
14.810684206567457,3809.58005,188793853.24782375,124732212.49163297,98776181.19542186,2908.4,2907.2000000000003,5816.8,3.0
5.87419959086626,4509.2645041666665,154744636.35342094,135010187.23450738,123635978.45719294,2906.8,2915.2000000000003,2915.6000000000004,3.0
6.315698034791298,4437.064266666666,124300020.78177175,120716501.37697622,116185783.74286689,2908.4,2914.0,2909.6000000000004,3.0
8.085648551600546,4485.5627208333335,197326759.15990207,187882666.06246272,123569858.11699398,2913.6000000000004,2914.0,2912.8,3.0
3.119831058460271,4504.9498375,178496586.97755033,159418818.95939147,111798962.49401423,2915.6000000000004,2916.0,2916.8,3.0
9.930331691338411,4497.744270833334,167955586.8734851,140461819.32359615,118892279.31159839,2915.2000000000003,2915.6000000000004,2914.8,3.0
9.674781866619353,4457.150854166666,168859946.05042028,125885737.71823359,125163013.0725847,2907.6000000000004,2911.6000000000004,2908.0,3.0
8.67162085963941,4453.520108333333,164020892.2100671,122497501.41028905,120248040.03850834,2908.0,2913.2000000000003,2908.4,3.0
7.026091552207387,4471.737495833333,153920983.47386476,152689198.08441278,133196534.69468151,2915.2000000000003,2906.0,2905.6000000000004,3.0
2.52053235117769,4443.517675,165479845.64408037,143206821.661762,132655812.17537001,2915.2000000000003,2914.8,2915.6000000000004,3.0
10.806862403121453,4506.657158333333,182786296.70345652,162082974.66556403,136272217.5908668,2914.0,2914.4,2915.6000000000004,3.0
11.433646436431964,4488.4535625,147237354.2822538,138246500.47490573,116464791.15528584,2915.6000000000004,2915.2000000000003,2916.0,3.0
7.08240513526302,4424.0140375,151120596.02826786,126247506.25071934,126204650.5662076,2908.0,2906.8,2913.2000000000003,3.0
0.8699928160622937,4828.5447375,165778987.82525742,130603373.14638726,114527525.69925116,2908.4,2906.8,2914.4,3.0
10.00498708978011,4878.1758,150798423.78738183,146808288.6182768,135005991.460823,2906.8,2907.6000000000004,2906.4,3.0
9.260070419098694,4852.833254166667,166496530.83344957,157591997.58368066,129185459.13770837,2914.4,2914.8,2914.0,3.0
6.607580558217458,4874.310629166666,214396889.45923397,187592824.98429608,106686751.24643286,2915.6000000000004,2915.2000000000003,2913.2000000000003,3.0
9.366890270166152,4907.645166666666,181929332.78419718,131990440.11345047,131370921.230861,2915.6000000000004,2916.0,2911.2000000000003,3.0
8.833774438671917,4926.077170833333,156053367.55962512,143572934.13988948,133047235.41983971,2914.0,2905.6000000000004,2914.4,3.0
5.590307087569817,4858.839108333334,156417091.363669,150131631.9480421,136253192.42784557,2908.4,2907.2000000000003,2907.6000000000004,3.0
6.301627104698172,4866.707020833333,186878247.86768863,138952342.75770858,123382088.41631119,2906.8,2908.0,2907.2000000000003,3.0
9.000472209834326,4889.094458333333,164311131.67218286,142708258.5982999,125094044.00733809,2908.4,2907.2000000000003,2913.6000000000004,3.0
3.112448794759522,4845.894804166666,176951311.61646515,153713510.8697087,152446260.67597333,2906.0,2915.6000000000004,2915.2000000000003,3.0
5.391042725360899,4334.278683333333,93335916.43787917,92949391.89910133,90116093.079591,3129.6000000000004,3131.2000000000003,3132.0,4.0
6.921614696008439,4360.157433333334,94337294.09157681,73608118.55693895,72643317.83059777,3121.6000000000004,3122.8,3121.2000000000003,4.0
12.306056097168852,4385.645666666666,93243578.33895609,89773637.99669409,79440856.66346158,3126.0,3126.8,3133.6000000000004,4.0
5.854079062215223,4325.3140416666665,147602234.58174884,103550401.38449152,81845110.55419746,3126.4,781.6,3127.2000000000003,4.0
8.513017727770412,4343.459045833333,85612357.57612392,75647003.25115031,73981485.49102743,3132.0,3132.4,3120.0,4.0
11.127793656725787,4348.264891666667,94358121.05418612,79757618.46929672,78842666.63266067,781.6,3125.2000000000003,3127.2000000000003,4.0
6.518371793119301,4288.013704166667,77547392.35626714,74578128.1260356,68420099.1913433,3126.0,3125.6000000000004,3127.6000000000004,4.0
9.774187519516222,4322.914725,95728869.38371974,94685657.0045492,92522367.7397635,3132.4,3120.4,3132.8,4.0
7.018327792287847,4314.366141666666,121090569.85424249,100596015.55607954,97750059.53876694,3126.0,3125.6000000000004,781.6,4.0
8.326026713465033,4333.0402875,92982336.86923443,91627862.034367,87042993.76263386,3120.0,3120.4,3126.4,4.0
3.758089053406443,4341.376591666667,98572198.77990721,86847336.77918333,82080164.9514041,3122.0,780.8000000000001,3121.6000000000004,4.0
8.755114695612694,4292.273558333333,91624808.0329939,87238010.04844281,80115944.58936095,781.2,3123.6000000000004,3126.8,4.0
11.181858074577766,4311.079766666667,93951481.09449998,90635139.25706989,87073641.46325056,3122.4,780.8000000000001,3126.8,4.0
10.509927449797168,4315.345383333333,110598821.63957894,104204233.72054492,103950539.0466877,3124.8,3124.4,781.2,4.0
3.6196322326998915,4285.9619041666665,100126405.52676782,68089386.12567802,67189815.86505179,3126.0,3125.6000000000004,782.0,4.0
3.682014846973506,4366.379366666667,99625505.78757666,77369099.71858768,70645692.38157384,3120.8,3120.4,3132.0,4.0
9.71571085922178,4320.4227125,129865579.37492624,113162765.78513499,92761315.95421113,3125.6000000000004,781.6,3126.0,4.0
7.364467903385824,4313.365570833334,94073524.6976841,82172607.34158781,76736498.85865405,3120.4,3120.0,781.6,4.0
9.321881963065898,4341.708291666667,85958451.2207118,83588959.64748147,72332839.27135065,3120.0,3120.4,3124.8,4.0
5.757383665057129,4290.275316666667,93913281.42108385,83993033.16783793,80175131.08373292,3125.6000000000004,3133.6000000000004,3125.2000000000003,4.0
7.337967475170946,4318.8565,93863416.49583787,77413046.82088923,74768388.6598598,3126.4,780.4000000000001,3120.8,4.0
1.702122449570927,4350.819954166666,97462297.6123453,92203096.89961772,86502896.47812237,3126.0,781.6,3123.6000000000004,4.0
8.830136135228418,4259.806654166667,102267331.601746,93513680.48716971,75180058.71713075,3124.4,3124.8,3127.6000000000004,4.0
8.417008326398797,4336.7645041666665,94272850.9181244,92240926.3476851,84451971.77947089,3120.8,3121.2000000000003,3131.2000000000003,4.0
7.2257528442831935,4324.146454166666,111255373.33123589,101355499.17005964,84475537.55434026,781.6,3126.0,3125.6000000000004,4.0
6.840870132276059,4289.990720833333,75806703.3064769,75268024.55112869,74946092.17385651,781.6,3120.0,3124.8,4.0
12.09980888278819,4327.325425,124329588.16017263,93050167.07817711,91329631.18533191,3125.6000000000004,3126.4,781.6,4.0
9.625716639987557,4269.171270833333,91543075.01010269,84434926.57914263,80307157.38188307,3123.6000000000004,3124.0,3122.4,4.0
9.563621611781455,4308.094925,92630714.64925331,90091214.40738921,77035475.04037116,3121.2000000000003,3121.6000000000004,3131.6000000000004,4.0
6.009090682735062,4308.1842625,112932910.40278429,94215470.37589103,88355830.39592576,3125.2000000000003,3124.8,3131.2000000000003,4.0
3.076081788032735,4291.838770833333,96988951.77895106,82643713.42768924,79604053.39243433,3125.2000000000003,3120.8,3120.4,4.0
10.50148739465034,4324.926145833333,78295824.60951242,78147618.38791533,73353956.31464037,3132.8,3133.2000000000003,3120.4,4.0
10.418249413089194,4271.7212291666665,104593860.12422206,102503677.60606061,86957093.91303866,3125.2000000000003,3132.4,781.6,4.0
6.370556294390624,4297.520079166667,86795700.6175294,84885019.34778908,84281981.90281,3122.4,3126.0,780.8000000000001,4.0
8.01716621797669,4315.973179166666,140863059.8524063,96767235.83330706,88218232.38128698,3123.6000000000004,3123.2000000000003,3904.4,4.0
5.201477354239531,4257.749025,95982853.01037444,89508787.95377405,83000560.80570585,3124.0,3124.4,781.2,4.0
10.197793266192447,4327.875304166667,94242551.3753905,84752869.40874328,76717379.32094343,3120.4,3120.0,3133.2000000000003,4.0
8.114900903071256,4324.943783333333,114403829.82906488,105486003.11952353,98570636.79827604,3125.6000000000004,781.6,3125.2000000000003,4.0
7.642035887118039,4266.851220833333,87552651.58605823,76683899.64834432,75518561.55122754,3127.6000000000004,781.6,3130.4,4.0
8.269181237180216,4315.142383333334,87055214.42522971,85881037.34210318,76712866.34836912,3133.6000000000004,3133.2000000000003,3131.2000000000003,4.0
6.677845523320626,4295.534254166667,121427347.89875397,95962590.01952809,90451838.83684635,3131.2000000000003,3125.6000000000004,3128.8,4.0
6.584058715311299,4297.501104166667,94258337.23797834,90948150.37249681,80677592.4391372,3120.8,3120.4,3130.8,4.0
7.961619914732596,4331.414666666667,133832035.14325131,101690736.40181705,94452691.57213925,3122.8,3123.2000000000003,3902.8,4.0
7.556608311052431,4250.3724375,96317054.59694326,86750096.65718451,79429918.79343727,3124.4,3124.8,781.2,4.0
8.383820479550677,4292.2140291666665,97427998.30634107,79232088.25974655,78548260.0777915,3122.0,780.8000000000001,3121.6000000000004,4.0
8.439446318726523,4333.8329125,132437966.76626444,96287671.6133228,87830352.54369636,3125.2000000000003,781.2,3131.2000000000003,4.0
6.251171556863028,4246.658604166667,102294096.16231196,83908245.66630042,80153036.3782049,3125.6000000000004,781.6,3128.8,4.0
4.72444970340462,4273.263125,101180580.98732555,91507755.53984031,91125257.8774607,3133.6000000000004,3133.2000000000003,3120.8,4.0
27.04630889788845,1479.9052666666666,66409475.13122579,63380481.664897345,60703542.0,3126.8,3127.2000000000003,0.0,4.0
21.49981957288634,1701.77425,90798626.67607434,79818368.13444519,72580323.97464976,3126.0,3126.4,3125.6000000000004,4.0
6.9495230651702515,3249.4709708333335,86271300.61940394,80335455.36872485,70193075.1390115,3900.4,3900.8,3120.8,4.0
10.292677818073713,3256.016308333333,115660711.26053168,110449195.92154399,108673623.5670741,3909.6000000000004,3128.8,3128.0,4.0
9.780110130600098,3233.5011791666666,83044470.51127075,71955505.61055781,71738990.70611429,3908.0,3904.4,3902.8,4.0
12.895016963928354,3271.6429208333334,72314097.62390423,65648830.2686732,62768681.02345441,3132.8,3901.6000000000004,3904.0,4.0
10.444262779152965,3224.136875,90806053.80082951,78685361.95494182,77187236.25311752,3905.2000000000003,3124.4,3124.8,4.0
11.769006613417577,3242.725391666667,84526566.35206859,68779730.15745945,68059802.55642532,3901.2000000000003,3901.6000000000004,3122.0,4.0
13.269456469652402,3264.545508333333,73229602.93510886,72647134.94950561,66422857.073035434,3908.0,3126.8,3907.2000000000003,4.0
12.831844827095855,3163.0388166666667,92953129.66323054,89183903.40209603,83763886.22358997,3907.2000000000003,3908.4,3125.6000000000004,4.0
13.91713826546248,3209.4376541666666,79592711.96589077,70894154.67321193,63055376.515985206,3901.2000000000003,3901.6000000000004,3121.2000000000003,4.0
12.830733773509085,3257.0373791666666,103070113.13419387,76813639.31612913,75944865.04618695,3124.0,3124.8,3905.6000000000004,4.0
10.812204909268043,3198.504516666667,86355932.8579041,77957736.89964066,71215445.9604746,3902.8,3903.2000000000003,3123.2000000000003,4.0
11.75597968411537,3251.3326833333335,76138455.20117956,76086344.19536595,73178907.18505949,3122.8,3902.8,3903.6000000000004,4.0
11.973963420689074,3203.7656,88132315.58775553,85855314.4577651,78689480.1496266,3908.4,3124.0,3905.2000000000003,4.0
12.946592376632033,3236.4598125,82774889.62608436,76530497.63214234,74670386.59789513,3902.4,3902.8,3122.4,4.0
11.859634093568543,3305.2978208333334,78649104.18100645,73840802.11239327,72094661.08052929,3900.8,3120.8,3901.2000000000003,4.0
9.641522398805423,3185.400904166667,102781597.42160301,84462675.56790756,65591032.52348167,3907.2000000000003,3125.6000000000004,781.6,4.0
12.511180666374644,3227.8982416666668,77300949.73383902,70235611.85892989,70180501.48270011,3900.8,3901.2000000000003,3120.8,4.0
13.115865075040482,3252.81965,75608273.44496644,73158885.6079725,67793834.9738047,3906.8,3122.8,3903.2000000000003,4.0
7.915123709288019,3191.8048416666666,102296117.57796131,96696915.3395283,94237963.65650149,3904.4,3123.6000000000004,3124.0,4.0
13.92511549922178,3244.5761166666666,77121414.98656665,75812022.01462293,75210492.37031884,3904.4,3131.2000000000003,3131.6000000000004,4.0
10.014752659618376,3216.6332875,88449070.2272034,78306549.17509775,73156787.85707,3904.8,3124.4,3131.2000000000003,4.0
12.47667173167588,3209.1734875,77657873.88078392,70183622.84949364,64729608.2445699,3900.8,3902.8,3120.4,4.0
10.828070195869007,3337.408229166667,77544667.37974463,74070099.07701528,73642985.38327223,3901.2000000000003,3120.8,3900.8,4.0
10.138948005915932,3192.7304833333333,118357249.50716914,106694293.17608872,86323581.02552022,3907.6000000000004,3126.0,3907.2000000000003,4.0
9.344006769047205,3206.5867875,84596410.69327787,74329875.43705371,71594996.29555929,3901.2000000000003,3121.2000000000003,3902.8,4.0
10.95772786667017,3252.86695,112705420.53281653,103126982.6338329,89725536.72543328,3124.0,3904.8,3904.4,4.0
11.296988167943997,3174.7164583333333,87319420.84507145,83404039.8457146,78636558.26661582,3905.6000000000004,3124.0,3905.2000000000003,4.0
11.331850209328866,3230.7264458333334,70231212.2744851,67281904.24573012,66118147.356208675,3902.8,3902.4,3122.0,4.0
12.299507781479171,3229.6807166666667,89067936.71748495,76671079.91297422,71553594.62558554,3904.4,3124.0,3123.2000000000003,4.0
13.325264381367198,3209.7201041666667,88793477.5234289,67565572.73277932,65068583.210382305,3904.4,3902.4,3903.2000000000003,4.0
12.75488435855065,3250.8468083333332,79246888.22348288,76980515.9375014,71049988.829031,3904.4,3124.0,3124.8,4.0
12.650331682081172,3210.9698333333336,83031121.03614552,77596292.9366081,70357513.86125039,3131.2000000000003,3125.6000000000004,3906.4,4.0
9.775254259267804,3217.0175458333333,80584605.45714214,71209532.75293095,66948047.40811548,3900.8,3900.4,3122.0,4.0
12.297360150319525,3256.9219,85844575.9823968,83592207.14966713,72256876.09190921,3126.0,3907.6000000000004,3906.8,4.0
13.129677261837019,3202.1432,96456087.89473566,78046630.98413603,75616576.07531846,3124.4,3124.0,3908.8,4.0
12.956897937649531,3214.359070833333,69574041.29600349,69009199.84588559,68421908.9326513,3903.2000000000003,3122.4,3131.2000000000003,4.0
12.457474663831348,3225.9545333333335,101967704.887298,101844295.7250221,71411943.32859041,3905.2000000000003,3124.4,781.2,4.0
9.357167707164386,3196.4674958333335,72345510.40755089,64049684.493709564,61399455.0,3911.2000000000003,3126.0,0.0,4.0
11.277198233603947,3235.2863333333335,85283881.6579203,80294449.76179597,75881924.4155313,3901.6000000000004,3121.2000000000003,3902.0,4.0
12.342218364891567,3223.223070833333,82375643.52692072,80331582.85815407,74288235.17446119,3909.2000000000003,3124.4,3905.6000000000004,4.0
15.100190672085347,3130.117925,94959484.34028445,88671904.63725924,85199898.04504809,3131.2000000000003,3908.0,3907.2000000000003,4.0
10.990360738695825,3162.4011458333334,81149347.06166697,77586863.01613463,77430927.26406515,3120.4,3900.8,3900.4,4.0
10.864762614372514,3254.3806666666665,79692325.53902383,78574726.1256641,64572290.87999107,3907.6000000000004,3907.2000000000003,3905.6000000000004,4.0
7.066011958665227,3168.9694416666666,89849456.16075477,81014225.07950452,76489077.52839932,3125.6000000000004,3907.2000000000003,3908.0,4.0
12.272687494323863,3207.256858333333,73574906.1283237,65789655.77464286,64054530.30253196,3900.8,3900.4,3902.4,4.0
9.678666402626622,3219.4977833333332,75945716.64827947,75297106.6726324,67777288.91233842,3907.2000000000003,3126.4,3125.6000000000004,4.0
13.839909230193673,3187.406754166667,74450311.17033228,65337236.12433026,61297703.0,3904.8,3901.2000000000003,0.0,4.0
11.103103169834998,3231.5405,75859062.45129244,68907941.86846088,66285752.14212491,3133.6000000000004,3902.8,3133.2000000000003,4.0
12.989598402824726,3199.609391666667,85846861.10124451,81235350.95057209,65041530.659742504,3904.4,3123.6000000000004,3914.4,4.0
12.93498131682712,3221.147725,84222825.64955671,80790817.84825444,73318305.87961522,3902.8,3122.4,3903.2000000000003,4.0
